timestamp,route_id,vehicle_count,avg_speed,congestion_index,weather
2026-06-29 09:19:13.753722,Route A,567.7,27.5,0.853,clear
2026-06-29 10:19:13.753722,Route A,462.6,34.1,0.695,clear
2026-06-29 11:19:13.753722,Route A,358.4,37.8,0.539,clear
2026-06-29 12:19:13.753722,Route A,362.8,41.4,0.545,rain
2026-06-29 13:19:13.753722,Route A,264.6,44.9,0.398,clear
2026-06-29 14:19:13.753722,Route A,341.7,41.6,0.514,rain
2026-06-29 15:19:13.753722,Route A,327.0,38.5,0.492,clear
2026-06-29 16:19:13.753722,Route A,437.4,32.4,0.658,clear
2026-06-29 17:19:13.753722,Route A,719.4,15.7,1.0,rain
2026-06-29 19:19:13.753722,Route A,686.1,17.8,1.0,rain
2026-06-29 20:19:13.753722,Route A,552.1,26.2,0.83,fog
2026-06-29 21:19:13.753722,Route A,399.2,31.8,0.6,clear
2026-06-29 22:19:13.753722,Route A,313.9,37.7,0.472,clear
2026-06-29 23:19:13.753722,Route A,324.2,42.1,0.487,clear
2026-06-30 00:19:13.753722,Route A,308.6,34.9,0.464,clear
2026-06-30 01:19:13.753722,Route A,348.7,41.8,0.524,rain
2026-06-30 02:19:13.753722,Route A,319.3,36.5,0.48,clear
2026-06-30 03:19:13.753722,Route A,303.9,44.5,0.457,clear
2026-06-30 04:19:13.753722,Route A,321.6,42.9,0.484,clear
2026-06-30 05:19:13.753722,Route A,318.8,38.0,0.479,clear
2026-06-30 06:19:13.753722,Route A,462.9,34.0,0.696,clear
2026-06-30 07:19:13.753722,Route A,626.2,19.9,0.941,rain
2026-06-30 08:19:13.753722,Route A,522.8,28.7,0.786,clear
2026-06-30 09:19:13.753722,Route A,592.0,21.3,0.89,rain
2026-06-30 10:19:13.753722,Route A,484.4,28.5,0.728,rain
2026-06-30 11:19:13.753722,Route A,472.0,31.9,0.71,rain
2026-06-30 12:19:13.753722,Route A,316.0,43.2,0.475,clear
2026-06-30 13:19:13.753722,Route A,317.0,41.5,0.476,clear
2026-06-30 14:19:13.753722,Route A,330.7,36.8,0.497,clear
2026-06-30 15:19:13.753722,Route A,1148.2,5.0,1.0,storm
2026-06-30 17:19:13.753722,Route A,641.2,17.0,0.964,clear
2026-06-30 18:19:13.753722,Route A,740.0,22.0,1.0,rain
2026-06-30 19:19:13.753722,Route A,691.5,24.4,1.0,rain
2026-06-30 20:19:13.753722,Route A,461.9,30.8,0.694,clear
2026-06-30 21:19:13.753722,Route A,341.3,39.9,0.513,clear
2026-06-30 22:19:13.753722,Route A,345.1,37.9,0.519,clear
2026-06-30 23:19:13.753722,Route A,320.3,42.1,0.481,clear
2026-07-01 00:19:13.753722,Route A,278.9,45.7,0.419,fog
2026-07-01 01:19:13.753722,Route A,275.2,38.8,0.414,clear
2026-07-01 02:19:13.753722,Route A,288.4,43.8,0.434,clear
2026-07-01 03:19:13.753722,Route A,305.1,40.4,0.459,clear
2026-07-01 04:19:13.753722,Route A,323.3,42.6,0.486,clear
2026-07-01 05:19:13.753722,Route A,383.1,37.0,0.576,rain
2026-07-01 06:19:13.753722,Route A,409.7,44.9,0.616,clear
2026-07-01 07:19:13.753722,Route A,501.6,32.0,0.754,clear
2026-07-01 09:19:13.753722,Route A,554.3,30.0,0.833,fog
2026-07-01 10:19:13.753722,Route A,469.7,34.0,0.706,clear
2026-07-01 11:19:13.753722,Route A,354.2,37.5,0.532,clear
2026-07-01 12:19:13.753722,Route A,325.7,41.6,0.49,clear
2026-07-01 13:19:13.753722,Route A,304.2,40.8,0.457,clear
2026-07-01 14:19:13.753722,Route A,289.6,42.5,0.435,clear
2026-07-01 15:19:13.753722,Route A,349.3,36.4,0.525,clear
2026-07-01 16:19:13.753722,Route A,521.4,30.4,0.784,rain
2026-07-01 17:19:13.753722,Route A,613.7,16.6,0.923,clear
2026-07-01 18:19:13.753722,Route A,579.1,26.1,0.871,clear
2026-07-01 19:19:13.753722,Route A,587.4,25.0,0.883,clear
2026-07-01 20:19:13.753722,Route A,505.1,32.4,0.759,clear
2026-07-01 21:19:13.753722,Route A,393.7,34.4,0.592,clear
2026-07-01 22:19:13.753722,Route A,326.5,41.9,0.491,clear
2026-07-01 23:19:13.753722,Route A,395.7,32.4,0.595,fog
2026-07-02 00:19:13.753722,Route A,346.4,39.7,0.521,fog
2026-07-02 01:19:13.753722,Route A,302.4,41.7,0.455,clear
2026-07-02 02:19:13.753722,Route A,317.1,40.8,0.477,clear
2026-07-02 03:19:13.753722,Route A,332.0,37.6,0.499,fog
2026-07-02 04:19:13.753722,Route A,286.0,38.2,0.43,clear
2026-07-02 05:19:13.753722,Route A,390.4,29.9,0.587,clear
2026-07-02 06:19:13.753722,Route A,399.8,38.8,0.601,clear
2026-07-02 07:19:13.753722,Route A,571.2,25.4,0.859,clear
2026-07-02 08:19:13.753722,Route A,588.8,25.8,0.885,clear
2026-07-02 09:19:13.753722,Route A,595.7,24.0,0.896,clear
2026-07-02 10:19:13.753722,Route A,462.8,30.8,0.696,clear
2026-07-02 11:19:13.753722,Route A,394.9,35.2,0.594,clear
2026-07-02 12:19:13.753722,Route A,344.9,39.6,0.518,clear
2026-07-02 13:19:13.753722,Route A,292.2,42.8,0.439,clear
2026-07-02 14:19:13.753722,Route A,428.1,33.3,0.644,rain
2026-07-02 15:19:13.753722,Route A,433.9,35.5,0.652,rain
2026-07-02 17:19:13.753722,Route A,703.2,21.1,1.0,rain
2026-07-02 18:19:13.753722,Route A,1032.3,5.0,1.0,storm
2026-07-02 20:19:13.753722,Route A,568.5,26.2,0.855,rain
2026-07-02 21:19:13.753722,Route A,442.1,37.0,0.665,clear
2026-07-02 22:19:13.753722,Route A,342.9,37.8,0.515,clear
2026-07-02 23:19:13.753722,Route A,317.1,41.9,0.477,rain
2026-07-03 00:19:13.753722,Route A,276.6,48.2,0.416,clear
2026-07-03 01:19:13.753722,Route A,283.8,37.1,0.427,clear
2026-07-03 02:19:13.753722,Route A,332.7,36.5,0.5,rain
2026-07-03 03:19:13.753722,Route A,352.5,42.0,0.53,clear
2026-07-03 04:19:13.753722,Route A,391.7,33.4,0.589,rain
2026-07-03 05:19:13.753722,Route A,398.5,31.8,0.599,clear
2026-07-03 06:19:13.753722,Route A,561.7,27.3,0.844,rain
2026-07-03 07:19:13.753722,Route A,570.8,26.5,0.858,clear
2026-07-03 08:19:13.753722,Route A,566.9,26.8,0.852,clear
2026-07-03 09:19:13.753722,Route A,549.7,27.4,0.826,clear
2026-07-03 10:19:13.753722,Route A,434.8,36.2,0.654,rain
2026-07-03 11:19:13.753722,Route A,391.0,34.0,0.588,clear
2026-07-03 12:19:13.753722,Route A,294.8,41.5,0.443,clear
2026-07-03 13:19:13.753722,Route A,274.8,44.8,0.413,clear
2026-07-03 14:19:13.753722,Route A,410.2,36.5,0.617,storm
2026-07-03 15:19:13.753722,Route A,376.0,44.2,0.565,clear
2026-07-03 16:19:13.753722,Route A,473.6,31.1,0.712,clear
2026-07-03 17:19:13.753722,Route A,710.2,16.8,1.0,rain
2026-07-03 18:19:13.753722,Route A,680.8,25.0,1.0,rain
2026-07-03 19:19:13.753722,Route A,625.4,25.6,0.94,fog
2026-07-03 20:19:13.753722,Route A,455.1,34.1,0.684,clear
2026-07-03 21:19:13.753722,Route A,377.5,32.2,0.567,clear
2026-07-03 22:19:13.753722,Route A,311.1,38.3,0.468,clear
2026-07-03 23:19:13.753722,Route A,342.2,42.7,0.514,rain
2026-07-04 00:19:13.753722,Route A,204.6,41.6,0.308,rain
2026-07-04 01:19:13.753722,Route A,207.8,41.2,0.312,clear
2026-07-04 02:19:13.753722,Route A,202.1,46.4,0.304,rain
2026-07-04 03:19:13.753722,Route A,171.1,46.5,0.257,clear
2026-07-04 04:19:13.753722,Route A,226.2,49.1,0.34,rain
2026-07-04 05:19:13.753722,Route A,199.3,47.2,0.3,clear
2026-07-04 06:19:13.753722,Route A,287.2,41.3,0.432,rain
2026-07-04 07:19:13.753722,Route A,228.9,44.6,0.344,clear
2026-07-04 08:19:13.753722,Route A,323.2,45.4,0.486,rain
2026-07-04 09:19:13.753722,Route A,350.7,39.1,0.527,rain
2026-07-04 10:19:13.753722,Route A,328.2,38.1,0.493,rain
2026-07-04 11:19:13.753722,Route A,207.1,50.2,0.311,clear
2026-07-04 12:19:13.753722,Route A,244.9,42.0,0.368,rain
2026-07-04 13:19:13.753722,Route A,210.2,47.0,0.316,fog
2026-07-04 14:19:13.753722,Route A,187.4,52.4,0.282,clear
2026-07-04 15:19:13.753722,Route A,202.5,51.5,0.304,clear
2026-07-04 16:19:13.753722,Route A,364.5,38.7,0.548,storm
2026-07-04 17:19:13.753722,Route A,689.9,21.2,1.0,clear
2026-07-04 18:19:13.753722,Route A,431.5,37.1,0.649,clear
2026-07-04 19:19:13.753722,Route A,308.5,35.0,0.464,clear
2026-07-04 20:19:13.753722,Route A,270.3,46.1,0.406,rain
2026-07-04 21:19:13.753722,Route A,56.3,53.0,0.085,fog
2026-07-04 22:19:13.753722,Route A,195.9,53.7,0.294,clear
2026-07-04 23:19:13.753722,Route A,45.6,57.0,0.068,rain
2026-07-05 00:19:13.753722,Route A,155.6,47.6,0.234,clear
2026-07-05 02:19:13.753722,Route A,205.7,47.2,0.309,rain
2026-07-05 03:19:13.753722,Route A,192.8,47.7,0.29,clear
2026-07-05 04:19:13.753722,Route A,205.3,43.9,0.309,clear
2026-07-05 05:19:13.753722,Route A,240.1,46.4,0.361,clear
2026-07-05 06:19:13.753722,Route A,259.4,44.2,0.39,clear
2026-07-05 07:19:13.753722,Route A,334.8,40.1,0.503,clear
2026-07-05 08:19:13.753722,Route A,331.4,39.0,0.498,clear
2026-07-05 09:19:13.753722,Route A,321.3,52.1,0.483,clear
2026-07-05 10:19:13.753722,Route A,256.8,42.7,0.386,clear
2026-07-05 11:19:13.753722,Route A,240.2,42.7,0.361,fog
2026-07-05 12:19:13.753722,Route A,226.3,47.8,0.34,rain
2026-07-05 13:19:13.753722,Route A,166.8,49.4,0.251,clear
2026-07-05 14:19:13.753722,Route A,215.5,48.2,0.324,clear
2026-07-05 15:19:13.753722,Route A,219.6,47.1,0.33,clear
2026-07-05 16:19:13.753722,Route A,300.3,39.5,0.451,clear
2026-07-05 17:19:13.753722,Route A,381.4,37.1,0.573,clear
2026-07-05 18:19:13.753722,Route A,339.0,39.4,0.51,clear
2026-07-05 19:19:13.753722,Route A,384.2,33.0,0.578,clear
2026-07-05 20:19:13.753722,Route A,287.0,41.7,0.431,clear
2026-07-05 21:19:13.753722,Route A,245.7,44.6,0.369,fog
2026-07-05 22:19:13.753722,Route A,216.9,47.4,0.326,rain
2026-07-05 23:19:13.753722,Route A,195.2,44.0,0.294,clear
2026-07-06 00:19:13.753722,Route A,353.7,41.6,0.532,fog
2026-07-06 01:19:13.753722,Route A,276.7,45.5,0.416,fog
2026-07-06 02:19:13.753722,Route A,303.7,40.4,0.457,clear
2026-07-06 03:19:13.753722,Route A,320.5,41.0,0.482,clear
2026-07-06 04:19:13.753722,Route A,314.7,37.5,0.473,clear
2026-07-06 05:19:13.753722,Route A,388.4,43.7,0.584,clear
2026-07-06 06:19:13.753722,Route A,456.7,36.1,0.687,fog
2026-07-06 07:19:13.753722,Route A,522.4,31.8,0.785,clear
2026-07-06 08:19:13.753722,Route A,558.2,19.5,0.839,clear
2026-07-06 09:19:13.753722,Route A,1422.0,5.0,1.0,storm
2026-07-06 10:19:13.753722,Route A,402.6,38.1,0.605,clear
2026-07-06 11:19:13.753722,Route A,383.8,32.2,0.577,clear
2026-07-06 12:19:13.753722,Route A,313.5,41.0,0.471,clear
2026-07-06 13:19:13.753722,Route A,435.7,28.9,0.655,storm
2026-07-06 14:19:13.753722,Route A,394.6,42.5,0.593,rain
2026-07-06 15:19:13.753722,Route A,390.7,35.3,0.587,clear
2026-07-06 16:19:13.753722,Route A,461.3,33.4,0.693,clear
2026-07-06 17:19:13.753722,Route A,611.3,19.9,0.919,clear
2026-07-06 18:19:13.753722,Route A,591.4,23.1,0.889,clear
2026-07-06 19:19:13.753722,Route A,593.1,20.0,0.892,clear
2026-07-06 20:19:13.753722,Route A,603.3,22.3,0.907,rain
2026-07-06 21:19:13.753722,Route A,473.6,32.3,0.712,rain
2026-07-06 22:19:13.753722,Route A,350.5,39.7,0.527,rain
2026-07-06 23:19:13.753722,Route A,321.5,39.0,0.483,rain
2026-07-07 00:19:13.753722,Route A,321.9,38.3,0.484,rain
2026-07-07 01:19:13.753722,Route A,344.6,38.3,0.518,fog
2026-07-07 02:19:13.753722,Route A,289.3,42.1,0.435,clear
2026-07-07 03:19:13.753722,Route A,327.0,41.6,0.492,rain
2026-07-07 04:19:13.753722,Route A,395.9,34.1,0.595,rain
2026-07-07 05:19:13.753722,Route A,365.8,40.1,0.55,clear
2026-07-07 06:19:13.753722,Route A,485.2,32.6,0.729,fog
2026-07-07 07:19:13.753722,Route A,533.3,30.5,0.802,clear
2026-07-07 08:19:13.753722,Route A,614.0,18.5,0.923,clear
2026-07-07 10:19:13.753722,Route A,449.1,33.2,0.675,clear
2026-07-07 11:19:13.753722,Route A,313.1,43.1,0.471,clear
2026-07-07 12:19:13.753722,Route A,302.4,37.8,0.455,clear
2026-07-07 13:19:13.753722,Route A,367.5,40.8,0.552,rain
2026-07-07 14:19:13.753722,Route A,325.2,43.3,0.489,rain
2026-07-07 15:19:13.753722,Route A,403.9,39.5,0.607,rain
2026-07-07 16:19:13.753722,Route A,403.9,32.6,0.607,clear
2026-07-07 17:19:13.753722,Route A,650.8,21.8,0.978,fog
2026-07-07 18:19:13.753722,Route A,668.3,15.3,1.0,clear
2026-07-07 19:19:13.753722,Route A,854.7,5.0,1.0,storm
2026-07-07 20:19:13.753722,Route A,492.4,28.9,0.74,clear
2026-07-07 21:19:13.753722,Route A,362.7,37.5,0.545,clear
2026-07-07 23:19:13.753722,Route A,343.7,40.8,0.517,clear
2026-07-08 00:19:13.753722,Route A,414.4,31.3,0.623,rain
2026-07-08 01:19:13.753722,Route A,320.4,38.0,0.482,clear
2026-07-08 02:19:13.753722,Route A,318.9,41.7,0.479,clear
2026-07-08 03:19:13.753722,Route A,302.4,39.9,0.455,clear
2026-07-08 04:19:13.753722,Route A,406.0,36.7,0.61,rain
2026-07-08 05:19:13.753722,Route A,383.3,36.8,0.576,clear
2026-07-08 06:19:13.753722,Route A,443.0,36.2,0.666,fog
2026-07-08 07:19:13.753722,Route A,667.0,20.0,1.0,rain
2026-07-08 08:19:13.753722,Route A,675.6,18.9,1.0,storm
2026-07-08 09:19:13.753722,Route A,487.2,23.9,0.732,clear
2026-07-08 10:19:13.753722,Route A,539.4,25.0,0.811,rain
2026-07-08 11:19:13.753722,Route A,386.2,41.5,0.581,clear
2026-07-08 12:19:13.753722,Route A,342.4,40.8,0.515,clear
2026-07-08 13:19:13.753722,Route A,87.3,57.9,0.131,clear
2026-07-08 14:19:13.753722,Route A,358.6,40.2,0.539,clear
2026-07-08 15:19:13.753722,Route A,433.9,33.1,0.652,rain
2026-07-08 16:19:13.753722,Route A,471.8,33.3,0.709,clear
2026-07-08 17:19:13.753722,Route A,561.9,23.8,0.845,clear
2026-07-08 18:19:13.753722,Route A,642.6,26.9,0.966,fog
2026-07-08 19:19:13.753722,Route A,1266.1,5.0,1.0,rain
2026-07-08 20:19:13.753722,Route A,505.5,32.6,0.76,clear
2026-07-08 21:19:13.753722,Route A,426.8,34.9,0.642,clear
2026-07-08 22:19:13.753722,Route A,386.0,38.8,0.58,clear
2026-07-08 23:19:13.753722,Route A,287.0,35.0,0.431,clear
2026-07-09 00:19:13.753722,Route A,297.3,39.3,0.447,clear
2026-07-09 01:19:13.753722,Route A,282.8,42.3,0.425,fog
2026-07-09 02:19:13.753722,Route A,310.4,45.6,0.467,clear
2026-07-09 03:19:13.753722,Route A,259.7,41.4,0.39,clear
2026-07-09 04:19:13.753722,Route A,361.6,38.7,0.544,rain
2026-07-09 05:19:13.753722,Route A,307.9,41.4,0.463,clear
2026-07-09 06:19:13.753722,Route A,491.4,28.2,0.739,rain
2026-07-09 07:19:13.753722,Route A,1339.8,5.0,1.0,clear
2026-07-09 09:19:13.753722,Route A,604.6,20.8,0.909,clear
2026-07-09 10:19:13.753722,Route A,399.1,28.9,0.6,clear
2026-07-09 11:19:13.753722,Route A,353.3,41.9,0.531,clear
2026-07-09 12:19:13.753722,Route A,350.9,43.4,0.528,rain
2026-07-09 13:19:13.753722,Route A,309.8,42.0,0.466,rain
2026-07-09 14:19:13.753722,Route A,347.6,36.5,0.522,clear
2026-07-09 15:19:13.753722,Route A,525.1,31.0,0.789,storm
2026-07-09 16:19:13.753722,Route A,474.8,29.0,0.714,clear
2026-07-09 17:19:13.753722,Route A,564.1,22.1,0.848,clear
2026-07-09 18:19:13.753722,Route A,696.5,18.3,1.0,clear
2026-07-09 19:19:13.753722,Route A,610.2,19.9,0.917,clear
2026-07-09 20:19:13.753722,Route A,482.3,32.3,0.725,fog
2026-07-09 21:19:13.753722,Route A,392.7,45.2,0.59,clear
2026-07-09 22:19:13.753722,Route A,398.6,38.3,0.599,storm
2026-07-09 23:19:13.753722,Route A,303.2,40.6,0.456,clear
2026-07-10 00:19:13.753722,Route A,328.3,40.7,0.493,clear
2026-07-10 01:19:13.753722,Route A,295.0,44.7,0.443,clear
2026-07-10 02:19:13.753722,Route A,284.3,39.5,0.427,clear
2026-07-10 03:19:13.753722,Route A,346.9,37.4,0.521,clear
2026-07-10 04:19:13.753722,Route A,306.2,45.7,0.46,clear
2026-07-10 05:19:13.753722,Route A,370.0,37.8,0.556,clear
2026-07-10 06:19:13.753722,Route A,472.7,27.8,0.711,clear
2026-07-10 07:19:13.753722,Route A,588.0,23.4,0.884,clear
2026-07-10 08:19:13.753722,Route A,558.0,26.0,0.839,clear
2026-07-10 09:19:13.753722,Route A,515.7,33.5,0.775,clear
2026-07-10 10:19:13.753722,Route A,428.6,30.3,0.644,clear
2026-07-10 11:19:13.753722,Route A,374.6,39.2,0.563,clear
2026-07-10 12:19:13.753722,Route A,315.2,40.0,0.474,clear
2026-07-10 13:19:13.753722,Route A,327.7,38.4,0.493,rain
2026-07-10 14:19:13.753722,Route A,395.4,35.4,0.594,rain
2026-07-10 15:19:13.753722,Route A,362.9,39.8,0.546,clear
2026-07-10 16:19:13.753722,Route A,486.2,32.5,0.731,clear
2026-07-10 17:19:13.753722,Route A,630.7,22.4,0.948,clear
2026-07-10 18:19:13.753722,Route A,577.3,24.0,0.868,clear
2026-07-10 19:19:13.753722,Route A,686.3,20.2,1.0,fog
2026-07-10 20:19:13.753722,Route A,487.7,29.6,0.733,clear
2026-07-10 21:19:13.753722,Route A,353.7,35.9,0.532,clear
2026-07-10 22:19:13.753722,Route A,312.3,46.4,0.469,clear
2026-07-10 23:19:13.753722,Route A,268.2,43.3,0.403,clear
2026-07-11 00:19:13.753722,Route A,220.3,47.0,0.331,rain
2026-07-11 01:19:13.753722,Route A,185.2,45.6,0.278,clear
2026-07-11 02:19:13.753722,Route A,278.8,44.4,0.419,storm
2026-07-11 03:19:13.753722,Route A,179.6,51.0,0.27,clear
2026-07-11 04:19:13.753722,Route A,203.8,48.3,0.306,clear
2026-07-11 05:19:13.753722,Route A,239.6,42.6,0.36,clear
2026-07-11 06:19:13.753722,Route A,269.9,41.0,0.406,clear
2026-07-11 07:19:13.753722,Route A,288.5,47.8,0.434,clear
2026-07-11 08:19:13.753722,Route A,331.4,39.9,0.498,clear
2026-07-11 09:19:13.753722,Route A,307.1,36.0,0.462,clear
2026-07-11 10:19:13.753722,Route A,271.5,41.8,0.408,clear
2026-07-11 11:19:13.753722,Route A,238.9,46.2,0.359,clear
2026-07-11 12:19:13.753722,Route A,188.7,52.6,0.284,clear
2026-07-11 13:19:13.753722,Route A,179.5,48.8,0.27,clear
2026-07-11 14:19:13.753722,Route A,214.2,45.5,0.322,rain
2026-07-11 15:19:13.753722,Route A,220.5,45.6,0.331,clear
2026-07-11 16:19:13.753722,Route A,299.8,41.8,0.451,clear
2026-07-11 17:19:13.753722,Route A,1057.2,5.0,1.0,storm
2026-07-11 18:19:13.753722,Route A,416.1,41.5,0.625,clear
2026-07-11 19:19:13.753722,Route A,451.8,37.6,0.679,rain
2026-07-11 20:19:13.753722,Route A,356.8,43.0,0.536,storm
2026-07-11 22:19:13.753722,Route A,199.6,48.1,0.3,clear
2026-07-11 23:19:13.753722,Route A,191.8,48.9,0.288,clear
2026-07-12 00:19:13.753722,Route A,201.6,47.8,0.303,clear
2026-07-12 01:19:13.753722,Route A,173.3,56.0,0.261,clear
2026-07-12 02:19:13.753722,Route A,176.7,51.1,0.266,clear
2026-07-12 03:19:13.753722,Route A,161.1,53.8,0.242,clear
2026-07-12 04:19:13.753722,Route A,187.8,47.9,0.282,clear
2026-07-12 05:19:13.753722,Route A,254.1,44.7,0.382,fog
2026-07-12 06:19:13.753722,Route A,251.8,44.4,0.379,clear
2026-07-12 07:19:13.753722,Route A,318.6,41.5,0.479,clear
2026-07-12 08:19:13.753722,Route A,409.0,33.6,0.615,fog
2026-07-12 09:19:13.753722,Route A,333.7,43.9,0.502,clear
2026-07-12 10:19:13.753722,Route A,319.1,43.1,0.48,rain
2026-07-12 11:19:13.753722,Route A,221.9,47.1,0.334,clear
2026-07-12 12:19:13.753722,Route A,181.5,45.4,0.273,clear
2026-07-12 13:19:13.753722,Route A,217.6,48.9,0.327,clear
2026-07-12 14:19:13.753722,Route A,182.7,51.5,0.275,clear
2026-07-12 15:19:13.753722,Route A,199.0,45.1,0.299,clear
2026-07-12 16:19:13.753722,Route A,328.6,37.4,0.494,clear
2026-07-12 17:19:13.753722,Route A,391.7,34.6,0.589,clear
2026-07-12 19:19:13.753722,Route A,274.5,45.4,0.413,clear
2026-07-12 20:19:13.753722,Route A,293.8,46.5,0.442,clear
2026-07-12 21:19:13.753722,Route A,254.7,45.3,0.383,rain
2026-07-12 22:19:13.753722,Route A,214.8,51.1,0.323,clear
2026-07-12 23:19:13.753722,Route A,170.6,49.9,0.256,clear
2026-07-13 00:19:13.753722,Route A,315.9,40.9,0.475,clear
2026-07-13 01:19:13.753722,Route A,356.6,38.7,0.536,rain
2026-07-13 02:19:13.753722,Route A,406.4,36.2,0.611,rain
2026-07-13 03:19:13.753722,Route A,305.7,41.1,0.46,clear
2026-07-13 04:19:13.753722,Route A,372.9,41.6,0.561,clear
2026-07-13 05:19:13.753722,Route A,401.6,39.8,0.604,clear
2026-07-13 06:19:13.753722,Route A,457.2,35.7,0.687,clear
2026-07-13 07:19:13.753722,Route A,518.3,28.0,0.779,clear
2026-07-13 08:19:13.753722,Route A,748.6,14.8,1.0,rain
2026-06-29 09:19:13.753722,Route B,741.8,17.6,1.0,storm
2026-06-29 10:19:13.753722,Route B,504.9,26.5,0.761,rain
2026-06-29 11:19:13.753722,Route B,415.4,38.5,0.626,clear
2026-06-29 12:19:13.753722,Route B,309.3,42.9,0.466,clear
2026-06-29 13:19:13.753722,Route B,358.2,34.4,0.54,rain
2026-06-29 14:19:13.753722,Route B,331.6,42.0,0.5,clear
2026-06-29 15:19:13.753722,Route B,385.4,31.5,0.581,clear
2026-06-29 16:19:13.753722,Route B,424.6,33.9,0.64,clear
2026-06-29 17:19:13.753722,Route B,608.4,27.1,0.917,clear
2026-06-29 18:19:13.753722,Route B,728.5,16.6,1.0,clear
2026-06-29 19:19:13.753722,Route B,555.7,23.6,0.838,clear
2026-06-29 21:19:13.753722,Route B,316.4,41.7,0.477,clear
2026-06-29 22:19:13.753722,Route B,309.5,39.3,0.466,clear
2026-06-29 23:19:13.753722,Route B,382.4,36.2,0.576,rain
2026-06-30 00:19:13.753722,Route B,350.3,41.0,0.528,clear
2026-06-30 01:19:13.753722,Route B,270.4,44.5,0.408,clear
2026-06-30 02:19:13.753722,Route B,320.9,41.6,0.484,clear
2026-06-30 03:19:13.753722,Route B,258.4,49.3,0.389,clear
2026-06-30 04:19:13.753722,Route B,306.4,39.4,0.462,clear
2026-06-30 05:19:13.753722,Route B,366.0,41.8,0.552,clear
2026-06-30 06:19:13.753722,Route B,435.8,32.9,0.657,clear
2026-06-30 07:19:13.753722,Route B,528.7,29.5,0.797,rain
2026-06-30 08:19:13.753722,Route B,538.6,26.0,0.812,clear
2026-06-30 09:19:13.753722,Route B,539.3,29.0,0.813,clear
2026-06-30 10:19:13.753722,Route B,468.6,34.8,0.706,clear
2026-06-30 11:19:13.753722,Route B,431.2,33.9,0.65,fog
2026-06-30 12:19:13.753722,Route B,342.8,39.1,0.517,clear
2026-06-30 13:19:13.753722,Route B,314.7,40.1,0.474,clear
2026-06-30 14:19:13.753722,Route B,353.1,34.6,0.532,rain
2026-06-30 15:19:13.753722,Route B,386.5,37.7,0.583,clear
2026-06-30 16:19:13.753722,Route B,400.9,37.3,0.604,clear
2026-06-30 17:19:13.753722,Route B,638.7,23.4,0.963,rain
2026-06-30 18:19:13.753722,Route B,575.6,27.0,0.867,clear
2026-06-30 19:19:13.753722,Route B,712.9,19.4,1.0,rain
2026-06-30 20:19:13.753722,Route B,482.4,28.6,0.727,clear
2026-06-30 21:19:13.753722,Route B,320.8,45.7,0.483,clear
2026-06-30 22:19:13.753722,Route B,385.7,34.8,0.581,fog
2026-06-30 23:19:13.753722,Route B,366.0,34.5,0.552,fog
2026-07-01 00:19:13.753722,Route B,303.2,41.7,0.457,clear
2026-07-01 01:19:13.753722,Route B,356.1,36.1,0.537,fog
2026-07-01 02:19:13.753722,Route B,300.8,44.9,0.453,clear
2026-07-01 03:19:13.753722,Route B,329.0,37.3,0.496,clear
2026-07-01 04:19:13.753722,Route B,335.3,41.2,0.505,clear
2026-07-01 05:19:13.753722,Route B,342.8,39.3,0.517,clear
2026-07-01 06:19:13.753722,Route B,505.3,28.9,0.762,clear
2026-07-01 07:19:13.753722,Route B,580.3,25.4,0.875,clear
2026-07-01 08:19:13.753722,Route B,531.3,29.8,0.801,clear
2026-07-01 09:19:13.753722,Route B,497.2,31.2,0.749,clear
2026-07-01 10:19:13.753722,Route B,480.9,31.8,0.725,clear
2026-07-01 11:19:13.753722,Route B,389.1,33.5,0.586,clear
2026-07-01 12:19:13.753722,Route B,319.4,41.2,0.481,rain
2026-07-01 13:19:13.753722,Route B,319.6,39.4,0.482,clear
2026-07-01 14:19:13.753722,Route B,315.8,47.3,0.476,clear
2026-07-01 15:19:13.753722,Route B,430.5,34.7,0.649,fog
2026-07-01 16:19:13.753722,Route B,509.2,31.5,0.767,clear
2026-07-01 17:19:13.753722,Route B,616.7,18.6,0.929,clear
2026-07-01 18:19:13.753722,Route B,584.9,23.6,0.882,clear
2026-07-01 19:19:13.753722,Route B,581.7,23.3,0.877,rain
2026-07-01 20:19:13.753722,Route B,722.6,15.4,1.0,storm
2026-07-01 21:19:13.753722,Route B,421.9,34.0,0.636,clear
2026-07-01 22:19:13.753722,Route B,292.6,44.5,0.441,clear
2026-07-01 23:19:13.753722,Route B,439.3,30.0,0.662,storm
2026-07-02 00:19:13.753722,Route B,288.1,40.6,0.434,clear
2026-07-02 01:19:13.753722,Route B,274.2,44.3,0.413,clear
2026-07-02 02:19:13.753722,Route B,305.3,44.7,0.46,fog
2026-07-02 03:19:13.753722,Route B,423.1,36.4,0.638,storm
2026-07-02 04:19:13.753722,Route B,284.3,46.7,0.428,clear
2026-07-02 05:19:13.753722,Route B,347.7,35.9,0.524,clear
2026-07-02 06:19:13.753722,Route B,550.0,23.9,0.829,rain
2026-07-02 07:19:13.753722,Route B,552.4,24.6,0.832,clear
2026-07-02 08:19:13.753722,Route B,632.4,19.8,0.953,clear
2026-07-02 09:19:13.753722,Route B,476.4,33.9,0.718,clear
2026-07-02 11:19:13.753722,Route B,399.8,35.7,0.603,clear
2026-07-02 12:19:13.753722,Route B,347.1,41.7,0.523,rain
2026-07-02 13:19:13.753722,Route B,335.9,38.0,0.506,clear
2026-07-02 14:19:13.753722,Route B,350.7,33.3,0.529,rain
2026-07-02 15:19:13.753722,Route B,414.7,32.9,0.625,clear
2026-07-02 16:19:13.753722,Route B,495.4,33.7,0.747,clear
2026-07-02 17:19:13.753722,Route B,756.3,15.5,1.0,rain
2026-07-02 18:19:13.753722,Route B,1395.9,5.0,1.0,storm
2026-07-02 19:19:13.753722,Route B,677.7,21.7,1.0,rain
2026-07-02 20:19:13.753722,Route B,442.7,35.1,0.667,clear
2026-07-02 21:19:13.753722,Route B,474.1,35.1,0.715,rain
2026-07-02 22:19:13.753722,Route B,323.3,44.7,0.487,clear
2026-07-02 23:19:13.753722,Route B,294.1,45.6,0.443,clear
2026-07-03 00:19:13.753722,Route B,311.3,43.7,0.469,clear
2026-07-03 01:19:13.753722,Route B,300.1,38.3,0.452,clear
2026-07-03 02:19:13.753722,Route B,413.3,34.0,0.623,rain
2026-07-03 03:19:13.753722,Route B,343.4,44.9,0.518,rain
2026-07-03 04:19:13.753722,Route B,311.7,45.5,0.47,clear
2026-07-03 05:19:13.753722,Route B,361.2,39.0,0.544,clear
2026-07-03 06:19:13.753722,Route B,476.7,30.0,0.718,rain
2026-07-03 07:19:13.753722,Route B,584.2,28.2,0.881,clear
2026-07-03 08:19:13.753722,Route B,586.6,25.1,0.884,clear
2026-07-03 09:19:13.753722,Route B,568.6,25.9,0.857,clear
2026-07-03 10:19:13.753722,Route B,397.4,35.0,0.599,clear
2026-07-03 11:19:13.753722,Route B,334.3,41.5,0.504,clear
2026-07-03 12:19:13.753722,Route B,599.4,23.8,0.903,clear
2026-07-03 13:19:13.753722,Route B,351.9,45.5,0.53,rain
2026-07-03 14:19:13.753722,Route B,323.0,37.6,0.487,clear
2026-07-03 15:19:13.753722,Route B,334.9,42.1,0.505,fog
2026-07-03 16:19:13.753722,Route B,514.8,29.5,0.776,rain
2026-07-03 17:19:13.753722,Route B,692.9,19.7,1.0,rain
2026-07-03 18:19:13.753722,Route B,617.6,25.0,0.931,clear
2026-07-03 19:19:13.753722,Route B,646.2,21.8,0.974,clear
2026-07-03 20:19:13.753722,Route B,431.4,34.0,0.65,clear
2026-07-03 21:19:13.753722,Route B,417.3,32.9,0.629,fog
2026-07-03 22:19:13.753722,Route B,385.1,38.0,0.58,clear
2026-07-03 23:19:13.753722,Route B,306.5,41.4,0.462,clear
2026-07-04 00:19:13.753722,Route B,191.8,51.5,0.289,clear
2026-07-04 01:19:13.753722,Route B,176.0,47.2,0.265,clear
2026-07-04 02:19:13.753722,Route B,160.2,49.6,0.241,clear
2026-07-04 03:19:13.753722,Route B,185.2,44.5,0.279,clear
2026-07-04 04:19:13.753722,Route B,211.7,53.1,0.319,clear
2026-07-04 05:19:13.753722,Route B,260.1,40.4,0.392,rain
2026-07-04 06:19:13.753722,Route B,259.2,42.3,0.391,clear
2026-07-04 07:19:13.753722,Route B,341.8,40.9,0.515,rain
2026-07-04 08:19:13.753722,Route B,378.5,36.5,0.571,rain
2026-07-04 10:19:13.753722,Route B,581.8,25.8,0.877,clear
2026-07-04 11:19:13.753722,Route B,238.1,40.1,0.359,clear
2026-07-04 12:19:13.753722,Route B,202.6,49.1,0.305,clear
2026-07-04 13:19:13.753722,Route B,178.5,50.3,0.269,clear
2026-07-04 14:19:13.753722,Route B,190.4,48.3,0.287,clear
2026-07-04 15:19:13.753722,Route B,243.1,43.7,0.366,rain
2026-07-04 16:19:13.753722,Route B,312.3,41.9,0.471,clear
2026-07-04 17:19:13.753722,Route B,343.3,37.4,0.517,rain
2026-07-04 18:19:13.753722,Route B,386.3,31.1,0.582,clear
2026-07-04 19:19:13.753722,Route B,335.6,38.5,0.506,clear
2026-07-04 20:19:13.753722,Route B,305.0,38.6,0.46,clear
2026-07-04 21:19:13.753722,Route B,221.0,49.7,0.333,clear
2026-07-04 23:19:13.753722,Route B,168.6,50.8,0.254,clear
2026-07-05 00:19:13.753722,Route B,263.1,43.1,0.397,storm
2026-07-05 01:19:13.753722,Route B,201.9,48.0,0.304,clear
2026-07-05 02:19:13.753722,Route B,161.6,53.3,0.244,clear
2026-07-05 03:19:13.753722,Route B,169.7,52.0,0.256,clear
2026-07-05 04:19:13.753722,Route B,269.8,45.4,0.407,storm
2026-07-05 05:19:13.753722,Route B,245.0,47.3,0.369,clear
2026-07-05 06:19:13.753722,Route B,304.8,43.8,0.459,clear
2026-07-05 07:19:13.753722,Route B,292.8,41.6,0.441,clear
2026-07-05 08:19:13.753722,Route B,362.7,32.3,0.547,clear
2026-07-05 09:19:13.753722,Route B,325.7,41.3,0.491,clear
2026-07-05 10:19:13.753722,Route B,318.0,43.5,0.479,rain
2026-07-05 11:19:13.753722,Route B,233.1,44.1,0.351,rain
2026-07-05 12:19:13.753722,Route B,199.5,49.9,0.301,clear
2026-07-05 13:19:13.753722,Route B,204.9,45.3,0.309,rain
2026-07-05 14:19:13.753722,Route B,222.9,42.7,0.336,clear
2026-07-05 15:19:13.753722,Route B,254.5,47.9,0.384,clear
2026-07-05 16:19:13.753722,Route B,298.5,41.7,0.45,clear
2026-07-05 17:19:13.753722,Route B,343.8,38.4,0.518,clear
2026-07-05 18:19:13.753722,Route B,483.2,33.0,0.728,rain
2026-07-05 19:19:13.753722,Route B,345.9,40.4,0.521,clear
2026-07-05 20:19:13.753722,Route B,339.5,40.0,0.512,rain
2026-07-05 21:19:13.753722,Route B,215.6,53.1,0.325,clear
2026-07-05 23:19:13.753722,Route B,250.9,46.6,0.378,rain
2026-07-06 00:19:13.753722,Route B,414.6,34.3,0.625,storm
2026-07-06 01:19:13.753722,Route B,273.6,45.8,0.412,clear
2026-07-06 02:19:13.753722,Route B,312.4,44.2,0.471,clear
2026-07-06 03:19:13.753722,Route B,352.3,39.9,0.531,rain
2026-07-06 04:19:13.753722,Route B,291.6,42.3,0.44,rain
2026-07-06 05:19:13.753722,Route B,414.6,36.0,0.625,rain
2026-07-06 06:19:13.753722,Route B,623.2,25.1,0.939,storm
2026-07-06 07:19:13.753722,Route B,626.3,26.4,0.944,clear
2026-07-06 08:19:13.753722,Route B,543.5,30.9,0.819,clear
2026-07-06 09:19:13.753722,Route B,641.7,25.0,0.967,clear
2026-07-06 10:19:13.753722,Route B,449.6,34.2,0.678,fog
2026-07-06 11:19:13.753722,Route B,494.6,28.2,0.745,storm
2026-07-06 12:19:13.753722,Route B,311.2,38.2,0.469,clear
2026-07-06 13:19:13.753722,Route B,294.2,41.3,0.443,clear
2026-07-06 14:19:13.753722,Route B,361.2,40.4,0.544,clear
2026-07-06 15:19:13.753722,Route B,412.8,38.1,0.622,clear
2026-07-06 16:19:13.753722,Route B,492.2,28.6,0.742,clear
2026-07-06 17:19:13.753722,Route B,715.5,14.3,1.0,fog
2026-07-06 18:19:13.753722,Route B,699.0,17.1,1.0,rain
2026-07-06 19:19:13.753722,Route B,605.3,18.5,0.912,clear
2026-07-06 20:19:13.753722,Route B,500.7,33.7,0.755,clear
2026-07-06 21:19:13.753722,Route B,369.2,39.7,0.557,clear
2026-07-06 22:19:13.753722,Route B,340.3,42.0,0.513,clear
2026-07-06 23:19:13.753722,Route B,287.8,38.9,0.434,clear
2026-07-07 00:19:13.753722,Route B,269.9,42.0,0.407,clear
2026-07-07 01:19:13.753722,Route B,313.0,40.1,0.472,clear
2026-07-07 02:19:13.753722,Route B,677.6,21.4,1.0,clear
2026-07-07 03:19:13.753722,Route B,310.2,39.0,0.468,clear
2026-07-07 04:19:13.753722,Route B,346.2,42.4,0.522,clear
2026-07-07 05:19:13.753722,Route B,439.3,33.1,0.662,clear
2026-07-07 06:19:13.753722,Route B,654.5,24.1,0.986,storm
2026-07-07 07:19:13.753722,Route B,521.2,32.7,0.786,clear
2026-07-07 09:19:13.753722,Route B,518.9,27.0,0.782,clear
2026-07-07 10:19:13.753722,Route B,399.9,33.8,0.603,clear
2026-07-07 11:19:13.753722,Route B,380.6,35.5,0.574,clear
2026-07-07 12:19:13.753722,Route B,637.7,20.8,0.961,clear
2026-07-07 13:19:13.753722,Route B,357.2,31.1,0.538,fog
2026-07-07 14:19:13.753722,Route B,339.2,39.2,0.511,rain
2026-07-07 15:19:13.753722,Route B,1079.1,5.0,1.0,clear
2026-07-07 16:19:13.753722,Route B,466.0,32.0,0.702,fog
2026-07-07 17:19:13.753722,Route B,609.0,19.8,0.918,clear
2026-07-07 18:19:13.753722,Route B,773.4,14.0,1.0,fog
2026-07-07 19:19:13.753722,Route B,533.6,30.5,0.804,clear
2026-07-07 20:19:13.753722,Route B,511.7,34.9,0.771,clear
2026-07-07 21:19:13.753722,Route B,457.6,35.0,0.69,storm
2026-07-07 22:19:13.753722,Route B,351.7,39.0,0.53,fog
2026-07-07 23:19:13.753722,Route B,292.0,40.7,0.44,clear
2026-07-08 00:19:13.753722,Route B,294.1,43.5,0.443,clear
2026-07-08 01:19:13.753722,Route B,324.5,39.8,0.489,clear
2026-07-08 02:19:13.753722,Route B,296.5,40.8,0.447,clear
2026-07-08 03:19:13.753722,Route B,327.7,43.0,0.494,fog
2026-07-08 04:19:13.753722,Route B,287.9,42.8,0.434,clear
2026-07-08 05:19:13.753722,Route B,396.7,38.5,0.598,clear
2026-07-08 06:19:13.753722,Route B,368.1,38.5,0.555,clear
2026-07-08 07:19:13.753722,Route B,578.8,27.7,0.872,clear
2026-07-08 08:19:13.753722,Route B,607.6,19.9,0.916,clear
2026-07-08 09:19:13.753722,Route B,572.6,28.6,0.863,rain
2026-07-08 10:19:13.753722,Route B,498.6,21.4,0.751,rain
2026-07-08 11:19:13.753722,Route B,337.3,36.7,0.508,clear
2026-07-08 12:19:13.753722,Route B,416.7,35.2,0.628,storm
2026-07-08 13:19:13.753722,Route B,397.7,39.0,0.599,rain
2026-07-08 14:19:13.753722,Route B,337.3,39.2,0.508,clear
2026-07-08 15:19:13.753722,Route B,386.5,32.3,0.583,clear
2026-07-08 16:19:13.753722,Route B,430.2,29.9,0.648,clear
2026-07-08 17:19:13.753722,Route B,637.5,19.2,0.961,clear
2026-07-08 18:19:13.753722,Route B,590.2,28.3,0.89,clear
2026-07-08 19:19:13.753722,Route B,537.9,29.8,0.811,clear
2026-07-08 20:19:13.753722,Route B,425.5,34.3,0.641,clear
2026-07-08 21:19:13.753722,Route B,352.3,38.6,0.531,clear
2026-07-08 22:19:13.753722,Route B,407.8,37.4,0.615,rain
2026-07-08 23:19:13.753722,Route B,340.8,40.6,0.514,storm
2026-07-09 00:19:13.753722,Route B,404.9,33.0,0.61,storm
2026-07-09 01:19:13.753722,Route B,285.1,47.8,0.43,clear
2026-07-09 02:19:13.753722,Route B,257.1,42.4,0.387,clear
2026-07-09 03:19:13.753722,Route B,285.2,42.8,0.43,clear
2026-07-09 04:19:13.753722,Route B,299.2,36.4,0.451,clear
2026-07-09 05:19:13.753722,Route B,375.0,39.0,0.565,clear
2026-07-09 06:19:13.753722,Route B,398.1,40.3,0.6,clear
2026-07-09 07:19:13.753722,Route B,554.7,26.2,0.836,rain
2026-07-09 08:19:13.753722,Route B,614.6,21.6,0.926,clear
2026-07-09 09:19:13.753722,Route B,547.2,25.5,0.825,clear
2026-07-09 10:19:13.753722,Route B,614.2,23.6,0.926,storm
2026-07-09 11:19:13.753722,Route B,292.2,39.4,0.44,clear
2026-07-09 12:19:13.753722,Route B,311.1,42.7,0.469,clear
2026-07-09 13:19:13.753722,Route B,286.6,38.8,0.432,clear
2026-07-09 14:19:13.753722,Route B,372.0,38.4,0.561,fog
2026-07-09 15:19:13.753722,Route B,332.7,39.7,0.501,clear
2026-07-09 16:19:13.753722,Route B,499.4,29.3,0.753,clear
2026-07-09 17:19:13.753722,Route B,602.2,21.8,0.908,clear
2026-07-09 18:19:13.753722,Route B,592.6,24.8,0.893,clear
2026-07-09 19:19:13.753722,Route B,609.5,24.9,0.919,fog
2026-07-09 20:19:13.753722,Route B,490.3,33.4,0.739,clear
2026-07-09 21:19:13.753722,Route B,388.5,40.6,0.586,fog
2026-07-09 22:19:13.753722,Route B,338.6,45.1,0.51,clear
2026-07-09 23:19:13.753722,Route B,319.0,39.2,0.481,clear
2026-07-10 00:19:13.753722,Route B,306.4,39.0,0.462,clear
2026-07-10 01:19:13.753722,Route B,332.0,41.3,0.5,clear
2026-07-10 02:19:13.753722,Route B,316.3,45.6,0.477,rain
2026-07-10 03:19:13.753722,Route B,319.1,45.2,0.481,clear
2026-07-10 05:19:13.753722,Route B,336.8,34.5,0.508,clear
2026-07-10 06:19:13.753722,Route B,477.4,30.2,0.72,rain
2026-07-10 07:19:13.753722,Route B,693.5,16.6,1.0,rain
2026-07-10 08:19:13.753722,Route B,492.1,25.8,0.742,clear
2026-07-10 09:19:13.753722,Route B,582.6,20.6,0.878,fog
2026-07-10 10:19:13.753722,Route B,420.5,36.0,0.634,clear
2026-07-10 11:19:13.753722,Route B,337.4,38.7,0.509,clear
2026-07-10 12:19:13.753722,Route B,269.9,42.9,0.407,clear
2026-07-10 13:19:13.753722,Route B,346.3,37.2,0.522,clear
2026-07-10 14:19:13.753722,Route B,326.2,38.4,0.492,clear
2026-07-10 15:19:13.753722,Route B,448.5,40.0,0.676,fog
2026-07-10 16:19:13.753722,Route B,495.7,25.3,0.747,fog
2026-07-10 17:19:13.753722,Route B,578.9,25.6,0.873,clear
2026-07-10 18:19:13.753722,Route B,1398.8,5.0,1.0,clear
2026-07-10 19:19:13.753722,Route B,594.9,24.1,0.897,clear
2026-07-10 20:19:13.753722,Route B,540.4,31.8,0.814,rain
2026-07-10 21:19:13.753722,Route B,386.9,38.2,0.583,clear
2026-07-10 22:19:13.753722,Route B,343.9,49.0,0.518,rain
2026-07-10 23:19:13.753722,Route B,288.3,48.5,0.434,clear
2026-07-11 00:19:13.753722,Route B,223.7,42.5,0.337,rain
2026-07-11 01:19:13.753722,Route B,209.6,46.2,0.316,rain
2026-07-11 02:19:13.753722,Route B,233.7,46.7,0.352,rain
2026-07-11 03:19:13.753722,Route B,218.3,44.2,0.329,clear
2026-07-11 05:19:13.753722,Route B,239.9,41.3,0.362,rain
2026-07-11 06:19:13.753722,Route B,277.4,42.3,0.418,clear
2026-07-11 07:19:13.753722,Route B,443.0,32.2,0.668,storm
2026-07-11 09:19:13.753722,Route B,307.5,39.1,0.463,clear
2026-07-11 10:19:13.753722,Route B,263.7,43.8,0.397,clear
2026-07-11 11:19:13.753722,Route B,202.0,51.1,0.305,clear
2026-07-11 12:19:13.753722,Route B,208.9,38.8,0.315,rain
2026-07-11 13:19:13.753722,Route B,171.0,49.2,0.258,clear
2026-07-11 14:19:13.753722,Route B,239.3,48.3,0.361,storm
2026-07-11 15:19:13.753722,Route B,232.7,46.0,0.351,clear
2026-07-11 16:19:13.753722,Route B,296.3,42.0,0.447,clear
2026-07-11 17:19:13.753722,Route B,430.2,31.5,0.648,rain
2026-07-11 18:19:13.753722,Route B,414.0,33.3,0.624,clear
2026-07-11 19:19:13.753722,Route B,362.3,41.3,0.546,clear
2026-07-11 20:19:13.753722,Route B,399.0,35.2,0.601,storm
2026-07-11 21:19:13.753722,Route B,197.2,46.1,0.297,clear
2026-07-11 22:19:13.753722,Route B,162.5,53.4,0.245,clear
2026-07-11 23:19:13.753722,Route B,205.4,45.7,0.31,rain
2026-07-12 00:19:13.753722,Route B,212.0,46.4,0.32,rain
2026-07-12 02:19:13.753722,Route B,209.7,47.0,0.316,fog
2026-07-12 03:19:13.753722,Route B,221.6,38.0,0.334,rain
2026-07-12 04:19:13.753722,Route B,183.5,53.7,0.277,clear
2026-07-12 06:19:13.753722,Route B,426.9,37.3,0.643,storm
2026-07-12 07:19:13.753722,Route B,363.2,40.7,0.547,clear
2026-07-12 09:19:13.753722,Route B,366.9,36.5,0.553,rain
2026-07-12 10:19:13.753722,Route B,223.2,44.1,0.336,clear
2026-07-12 11:19:13.753722,Route B,244.6,45.4,0.369,clear
2026-07-12 12:19:13.753722,Route B,170.1,50.2,0.256,clear
2026-07-12 13:19:13.753722,Route B,209.4,52.6,0.316,clear
2026-07-12 14:19:13.753722,Route B,189.1,47.8,0.285,clear
2026-07-12 15:19:13.753722,Route B,222.8,44.3,0.336,clear
2026-07-12 16:19:13.753722,Route B,288.7,46.5,0.435,rain
2026-07-12 17:19:13.753722,Route B,402.8,32.2,0.607,clear
2026-07-12 18:19:13.753722,Route B,371.1,37.4,0.559,clear
2026-07-12 19:19:13.753722,Route B,345.2,42.3,0.52,clear
2026-07-12 20:19:13.753722,Route B,330.2,40.5,0.498,rain
2026-07-12 21:19:13.753722,Route B,250.8,46.2,0.378,rain
2026-07-12 22:19:13.753722,Route B,214.9,39.8,0.324,clear
2026-07-12 23:19:13.753722,Route B,209.7,50.0,0.316,rain
2026-07-13 00:19:13.753722,Route B,296.6,43.8,0.447,clear
2026-07-13 01:19:13.753722,Route B,333.8,38.6,0.503,clear
2026-07-13 02:19:13.753722,Route B,327.2,38.1,0.493,fog
2026-07-13 03:19:13.753722,Route B,339.5,39.4,0.512,clear
2026-07-13 04:19:13.753722,Route B,292.8,40.7,0.441,clear
2026-07-13 05:19:13.753722,Route B,295.5,38.2,0.445,clear
2026-07-13 06:19:13.753722,Route B,552.9,28.5,0.833,rain
2026-07-13 07:19:13.753722,Route B,559.6,32.2,0.843,clear
2026-07-13 08:19:13.753722,Route B,534.7,33.5,0.806,clear
2026-06-29 09:19:13.753722,Route C,496.6,16.3,0.971,storm
2026-06-29 10:19:13.753722,Route C,434.7,21.1,0.85,rain
2026-06-29 12:19:13.753722,Route C,242.4,38.7,0.474,clear
2026-06-29 13:19:13.753722,Route C,240.8,44.0,0.471,clear
2026-06-29 14:19:13.753722,Route C,259.9,43.3,0.508,clear
2026-06-29 15:19:13.753722,Route C,312.5,33.8,0.611,clear
2026-06-29 16:19:13.753722,Route C,376.1,32.7,0.735,rain
2026-06-29 17:19:13.753722,Route C,422.8,33.8,0.827,clear
2026-06-29 18:19:13.753722,Route C,451.6,23.8,0.883,clear
2026-06-29 19:19:13.753722,Route C,592.6,13.3,1.0,storm
2026-06-29 20:19:13.753722,Route C,370.5,29.2,0.724,clear
2026-06-29 21:19:13.753722,Route C,292.6,39.7,0.572,clear
2026-06-29 22:19:13.753722,Route C,276.2,38.4,0.54,clear
2026-06-29 23:19:13.753722,Route C,224.7,45.0,0.439,clear
2026-06-30 00:19:13.753722,Route C,239.2,42.3,0.468,clear
2026-06-30 01:19:13.753722,Route C,254.7,47.9,0.498,clear
2026-06-30 02:19:13.753722,Route C,250.7,42.4,0.49,clear
2026-06-30 03:19:13.753722,Route C,205.2,48.1,0.401,clear
2026-06-30 04:19:13.753722,Route C,244.5,41.0,0.478,clear
2026-06-30 05:19:13.753722,Route C,288.8,35.8,0.565,clear
2026-06-30 06:19:13.753722,Route C,354.6,32.3,0.693,clear
2026-06-30 07:19:13.753722,Route C,78.6,53.0,0.154,rain
2026-06-30 08:19:13.753722,Route C,390.8,24.8,0.764,clear
2026-06-30 09:19:13.753722,Route C,385.4,32.7,0.753,clear
2026-06-30 10:19:13.753722,Route C,397.0,35.7,0.776,fog
2026-06-30 11:19:13.753722,Route C,272.6,38.3,0.533,clear
2026-06-30 12:19:13.753722,Route C,254.4,39.8,0.497,clear
2026-06-30 13:19:13.753722,Route C,255.5,37.6,0.499,clear
2026-06-30 14:19:13.753722,Route C,261.6,39.4,0.511,clear
2026-06-30 15:19:13.753722,Route C,306.6,36.4,0.599,clear
2026-06-30 16:19:13.753722,Route C,414.2,32.9,0.81,rain
2026-06-30 17:19:13.753722,Route C,437.6,28.2,0.855,clear
2026-06-30 18:19:13.753722,Route C,687.9,7.9,1.0,storm
2026-06-30 19:19:13.753722,Route C,419.7,28.5,0.82,clear
2026-06-30 20:19:13.753722,Route C,375.5,34.7,0.734,clear
2026-06-30 21:19:13.753722,Route C,316.6,33.3,0.619,clear
2026-06-30 22:19:13.753722,Route C,223.6,49.0,0.437,clear
2026-06-30 23:19:13.753722,Route C,255.5,42.0,0.499,clear
2026-07-01 00:19:13.753722,Route C,263.8,40.1,0.516,clear
2026-07-01 01:19:13.753722,Route C,237.7,42.1,0.465,clear
2026-07-01 02:19:13.753722,Route C,252.3,42.5,0.493,clear
2026-07-01 03:19:13.753722,Route C,216.6,38.7,0.423,clear
2026-07-01 04:19:13.753722,Route C,264.9,42.7,0.518,clear
2026-07-01 05:19:13.753722,Route C,252.8,42.3,0.494,clear
2026-07-01 06:19:13.753722,Route C,326.4,37.8,0.638,clear
2026-07-01 07:19:13.753722,Route C,414.3,29.9,0.81,fog
2026-07-01 08:19:13.753722,Route C,447.2,27.7,0.874,clear
2026-07-01 09:19:13.753722,Route C,407.6,30.3,0.797,clear
2026-07-01 10:19:13.753722,Route C,360.9,33.7,0.705,clear
2026-07-01 11:19:13.753722,Route C,235.7,39.9,0.461,clear
2026-07-01 12:19:13.753722,Route C,237.9,40.2,0.465,clear
2026-07-01 13:19:13.753722,Route C,245.2,41.0,0.479,clear
2026-07-01 14:19:13.753722,Route C,222.5,41.2,0.435,clear
2026-07-01 15:19:13.753722,Route C,276.5,38.7,0.54,clear
2026-07-01 16:19:13.753722,Route C,439.2,25.8,0.858,rain
2026-07-01 17:19:13.753722,Route C,488.3,25.1,0.954,rain
2026-07-01 18:19:13.753722,Route C,555.6,22.2,1.0,rain
2026-07-01 19:19:13.753722,Route C,427.3,26.9,0.835,clear
2026-07-01 20:19:13.753722,Route C,366.4,32.2,0.716,clear
2026-07-01 21:19:13.753722,Route C,267.7,39.3,0.523,clear
2026-07-01 22:19:13.753722,Route C,300.9,34.5,0.588,rain
2026-07-01 23:19:13.753722,Route C,270.1,34.6,0.528,rain
2026-07-02 00:19:13.753722,Route C,183.1,47.5,0.358,clear
2026-07-02 01:19:13.753722,Route C,210.5,47.6,0.411,clear
2026-07-02 02:19:13.753722,Route C,293.7,40.8,0.574,rain
2026-07-02 03:19:13.753722,Route C,234.1,43.5,0.458,clear
2026-07-02 04:19:13.753722,Route C,260.6,39.8,0.509,clear
2026-07-02 05:19:13.753722,Route C,332.9,30.9,0.651,rain
2026-07-02 06:19:13.753722,Route C,315.2,37.4,0.616,clear
2026-07-02 07:19:13.753722,Route C,428.7,31.4,0.838,rain
2026-07-02 08:19:13.753722,Route C,395.3,28.0,0.773,clear
2026-07-02 09:19:13.753722,Route C,441.1,26.8,0.862,clear
2026-07-02 10:19:13.753722,Route C,314.0,32.3,0.614,clear
2026-07-02 11:19:13.753722,Route C,286.4,42.9,0.56,clear
2026-07-02 12:19:13.753722,Route C,250.2,37.7,0.489,clear
2026-07-02 13:19:13.753722,Route C,236.1,44.7,0.462,clear
2026-07-02 14:19:13.753722,Route C,258.4,41.2,0.505,clear
2026-07-02 15:19:13.753722,Route C,293.7,36.3,0.574,clear
2026-07-02 16:19:13.753722,Route C,309.8,37.9,0.606,clear
2026-07-02 17:19:13.753722,Route C,503.3,19.6,0.984,clear
2026-07-02 18:19:13.753722,Route C,495.4,26.0,0.968,clear
2026-07-02 19:19:13.753722,Route C,530.7,20.0,1.0,rain
2026-07-02 20:19:13.753722,Route C,387.4,28.4,0.757,clear
2026-07-02 21:19:13.753722,Route C,343.9,32.7,0.672,clear
2026-07-02 22:19:13.753722,Route C,251.5,39.5,0.492,clear
2026-07-02 23:19:13.753722,Route C,234.9,41.0,0.459,clear
2026-07-03 00:19:13.753722,Route C,223.9,44.8,0.438,clear
2026-07-03 01:19:13.753722,Route C,264.6,39.9,0.517,rain
2026-07-03 02:19:13.753722,Route C,199.3,48.3,0.39,clear
2026-07-03 03:19:13.753722,Route C,233.9,39.0,0.457,clear
2026-07-03 04:19:13.753722,Route C,262.1,42.6,0.512,clear
2026-07-03 05:19:13.753722,Route C,316.9,37.4,0.619,clear
2026-07-03 06:19:13.753722,Route C,318.4,38.0,0.622,clear
2026-07-03 07:19:13.753722,Route C,424.3,23.8,0.829,clear
2026-07-03 08:19:13.753722,Route C,372.0,29.6,0.727,clear
2026-07-03 09:19:13.753722,Route C,413.9,32.2,0.809,clear
2026-07-03 10:19:13.753722,Route C,404.0,29.6,0.79,rain
2026-07-03 11:19:13.753722,Route C,357.2,36.1,0.698,storm
2026-07-03 12:19:13.753722,Route C,288.8,39.3,0.565,fog
2026-07-03 13:19:13.753722,Route C,288.1,35.8,0.563,fog
2026-07-03 14:19:13.753722,Route C,265.5,41.6,0.519,rain
2026-07-03 15:19:13.753722,Route C,275.2,36.4,0.538,clear
2026-07-03 16:19:13.753722,Route C,374.1,21.3,0.731,clear
2026-07-03 17:19:13.753722,Route C,508.2,22.5,0.993,rain
2026-07-03 18:19:13.753722,Route C,616.8,13.6,1.0,storm
2026-07-03 19:19:13.753722,Route C,534.6,21.1,1.0,rain
2026-07-03 20:19:13.753722,Route C,367.9,31.5,0.719,clear
2026-07-03 21:19:13.753722,Route C,272.4,42.4,0.532,clear
2026-07-03 22:19:13.753722,Route C,235.1,44.3,0.46,clear
2026-07-03 23:19:13.753722,Route C,219.5,40.7,0.429,clear
2026-07-04 00:19:13.753722,Route C,113.1,51.0,0.221,clear
2026-07-04 01:19:13.753722,Route C,129.3,50.0,0.253,clear
2026-07-04 02:19:13.753722,Route C,151.0,48.4,0.295,clear
2026-07-04 03:19:13.753722,Route C,129.8,51.6,0.254,clear
2026-07-04 04:19:13.753722,Route C,146.2,46.1,0.286,fog
2026-07-04 05:19:13.753722,Route C,173.7,45.7,0.34,rain
2026-07-04 06:19:13.753722,Route C,196.3,43.5,0.384,clear
2026-07-04 07:19:13.753722,Route C,236.7,45.4,0.463,clear
2026-07-04 08:19:13.753722,Route C,278.6,33.6,0.545,rain
2026-07-04 09:19:13.753722,Route C,257.8,39.1,0.504,clear
2026-07-04 10:19:13.753722,Route C,197.1,39.0,0.385,clear
2026-07-04 11:19:13.753722,Route C,192.6,45.7,0.377,rain
2026-07-04 12:19:13.753722,Route C,156.3,46.7,0.305,clear
2026-07-04 13:19:13.753722,Route C,321.7,31.8,0.629,rain
2026-07-04 14:19:13.753722,Route C,159.2,47.9,0.311,clear
2026-07-04 15:19:13.753722,Route C,406.9,28.7,0.795,storm
2026-07-04 16:19:13.753722,Route C,232.5,47.6,0.455,rain
2026-07-04 17:19:13.753722,Route C,289.0,37.4,0.565,clear
2026-07-04 18:19:13.753722,Route C,322.5,40.3,0.63,clear
2026-07-04 19:19:13.753722,Route C,275.1,36.2,0.538,clear
2026-07-04 20:19:13.753722,Route C,222.8,39.0,0.435,clear
2026-07-04 21:19:13.753722,Route C,179.3,50.3,0.35,clear
2026-07-04 22:19:13.753722,Route C,157.9,48.4,0.309,clear
2026-07-04 23:19:13.753722,Route C,138.6,48.9,0.271,clear
2026-07-05 00:19:13.753722,Route C,147.4,41.3,0.288,rain
2026-07-05 01:19:13.753722,Route C,130.8,52.5,0.256,clear
2026-07-05 02:19:13.753722,Route C,166.3,48.0,0.325,fog
2026-07-05 03:19:13.753722,Route C,145.6,48.5,0.285,clear
2026-07-05 04:19:13.753722,Route C,137.6,47.7,0.269,clear
2026-07-05 05:19:13.753722,Route C,186.5,43.5,0.365,rain
2026-07-05 06:19:13.753722,Route C,196.1,46.1,0.383,clear
2026-07-05 07:19:13.753722,Route C,246.5,38.3,0.482,clear
2026-07-05 08:19:13.753722,Route C,249.2,39.7,0.487,clear
2026-07-05 09:19:13.753722,Route C,229.9,41.2,0.449,clear
2026-07-05 10:19:13.753722,Route C,192.9,46.4,0.377,fog
2026-07-05 11:19:13.753722,Route C,161.2,45.4,0.315,clear
2026-07-05 12:19:13.753722,Route C,164.1,49.7,0.321,clear
2026-07-05 13:19:13.753722,Route C,154.5,48.4,0.302,clear
2026-07-05 14:19:13.753722,Route C,149.8,41.6,0.293,clear
2026-07-05 15:19:13.753722,Route C,168.5,46.9,0.329,clear
2026-07-05 16:19:13.753722,Route C,252.5,45.6,0.494,clear
2026-07-05 17:19:13.753722,Route C,250.9,36.2,0.49,clear
2026-07-05 18:19:13.753722,Route C,302.2,35.4,0.591,rain
2026-07-05 19:19:13.753722,Route C,290.2,49.3,0.567,rain
2026-07-05 20:19:13.753722,Route C,207.2,44.8,0.405,clear
2026-07-05 21:19:13.753722,Route C,191.6,47.0,0.374,fog
2026-07-05 22:19:13.753722,Route C,124.7,47.7,0.244,clear
2026-07-05 23:19:13.753722,Route C,120.5,49.3,0.236,clear
2026-07-06 00:19:13.753722,Route C,219.9,43.1,0.43,clear
2026-07-06 01:19:13.753722,Route C,247.1,40.6,0.483,clear
2026-07-06 02:19:13.753722,Route C,270.5,40.3,0.529,rain
2026-07-06 03:19:13.753722,Route C,228.2,40.4,0.446,clear
2026-07-06 04:19:13.753722,Route C,252.2,43.2,0.493,clear
2026-07-06 05:19:13.753722,Route C,265.5,42.2,0.519,clear
2026-07-06 06:19:13.753722,Route C,388.4,31.6,0.759,rain
2026-07-06 07:19:13.753722,Route C,411.5,28.8,0.804,rain
2026-07-06 08:19:13.753722,Route C,478.4,20.9,0.935,clear
2026-07-06 09:19:13.753722,Route C,401.1,28.3,0.784,fog
2026-07-06 10:19:13.753722,Route C,344.1,32.3,0.673,clear
2026-07-06 11:19:13.753722,Route C,268.9,39.4,0.526,clear
2026-07-06 12:19:13.753722,Route C,258.0,46.6,0.504,fog
2026-07-06 13:19:13.753722,Route C,219.4,40.9,0.429,clear
2026-07-06 14:19:13.753722,Route C,197.9,47.5,0.387,clear
2026-07-06 15:19:13.753722,Route C,323.4,36.1,0.632,clear
2026-07-06 16:19:13.753722,Route C,88.5,52.1,0.173,clear
2026-07-06 17:19:13.753722,Route C,394.7,27.6,0.772,clear
2026-07-06 18:19:13.753722,Route C,1048.3,5.0,1.0,clear
2026-07-06 19:19:13.753722,Route C,451.4,20.2,0.882,clear
2026-07-06 20:19:13.753722,Route C,328.8,33.8,0.643,clear
2026-07-06 21:19:13.753722,Route C,276.4,35.5,0.54,clear
2026-07-06 22:19:13.753722,Route C,251.0,38.0,0.491,clear
2026-07-06 23:19:13.753722,Route C,241.8,42.1,0.473,clear
2026-07-07 00:19:13.753722,Route C,241.8,37.7,0.473,rain
2026-07-07 01:19:13.753722,Route C,252.3,40.0,0.493,clear
2026-07-07 02:19:13.753722,Route C,223.2,43.4,0.436,clear
2026-07-07 04:19:13.753722,Route C,254.4,42.1,0.497,clear
2026-07-07 05:19:13.753722,Route C,270.1,35.1,0.528,clear
2026-07-07 06:19:13.753722,Route C,436.7,23.1,0.854,rain
2026-07-07 07:19:13.753722,Route C,402.9,27.0,0.788,clear
2026-07-07 08:19:13.753722,Route C,469.9,18.8,0.919,clear
2026-07-07 09:19:13.753722,Route C,880.1,5.0,1.0,clear
2026-07-07 10:19:13.753722,Route C,334.6,32.8,0.654,clear
2026-07-07 11:19:13.753722,Route C,283.0,35.8,0.553,clear
2026-07-07 12:19:13.753722,Route C,233.7,41.2,0.457,rain
2026-07-07 13:19:13.753722,Route C,276.1,37.6,0.54,clear
2026-07-07 14:19:13.753722,Route C,244.7,37.1,0.478,clear
2026-07-07 15:19:13.753722,Route C,318.9,31.6,0.623,fog
2026-07-07 16:19:13.753722,Route C,395.0,26.5,0.772,clear
2026-07-07 17:19:13.753722,Route C,407.2,29.2,0.796,clear
2026-07-07 18:19:13.753722,Route C,488.3,24.9,0.955,clear
2026-07-07 19:19:13.753722,Route C,575.3,16.4,1.0,fog
2026-07-07 20:19:13.753722,Route C,330.5,31.4,0.646,clear
2026-07-07 22:19:13.753722,Route C,268.9,42.9,0.526,clear
2026-07-07 23:19:13.753722,Route C,238.0,40.4,0.465,rain
2026-07-08 00:19:13.753722,Route C,222.3,36.2,0.435,clear
2026-07-08 01:19:13.753722,Route C,238.2,45.3,0.466,clear
2026-07-08 02:19:13.753722,Route C,255.5,36.4,0.5,clear
2026-07-08 03:19:13.753722,Route C,202.9,44.8,0.397,clear
2026-07-08 04:19:13.753722,Route C,226.7,48.1,0.443,clear
2026-07-08 05:19:13.753722,Route C,375.2,27.8,0.733,rain
2026-07-08 06:19:13.753722,Route C,383.8,32.4,0.75,clear
2026-07-08 07:19:13.753722,Route C,431.2,29.5,0.843,clear
2026-07-08 08:19:13.753722,Route C,430.9,22.6,0.842,clear
2026-07-08 09:19:13.753722,Route C,405.2,30.7,0.792,clear
2026-07-08 10:19:13.753722,Route C,427.3,29.4,0.835,clear
2026-07-08 11:19:13.753722,Route C,308.0,41.1,0.602,clear
2026-07-08 12:19:13.753722,Route C,238.1,44.6,0.465,clear
2026-07-08 13:19:13.753722,Route C,255.3,42.1,0.499,clear
2026-07-08 14:19:13.753722,Route C,237.8,38.6,0.465,clear
2026-07-08 15:19:13.753722,Route C,306.9,37.4,0.6,clear
2026-07-08 16:19:13.753722,Route C,345.2,30.2,0.675,clear
2026-07-08 17:19:13.753722,Route C,482.9,20.1,0.944,fog
2026-07-08 18:19:13.753722,Route C,453.0,27.9,0.885,clear
2026-07-08 19:19:13.753722,Route C,442.9,28.3,0.866,clear
2026-07-08 21:19:13.753722,Route C,265.2,41.7,0.518,clear
2026-07-08 22:19:13.753722,Route C,219.4,40.9,0.429,clear
2026-07-08 23:19:13.753722,Route C,278.1,39.5,0.544,rain
2026-07-09 00:19:13.753722,Route C,223.3,45.6,0.437,clear
2026-07-09 01:19:13.753722,Route C,220.4,43.8,0.431,rain
2026-07-09 02:19:13.753722,Route C,294.7,41.9,0.576,rain
2026-07-09 03:19:13.753722,Route C,225.2,42.4,0.44,clear
2026-07-09 04:19:13.753722,Route C,267.3,42.6,0.522,clear
2026-07-09 05:19:13.753722,Route C,259.8,37.1,0.508,clear
2026-07-09 06:19:13.753722,Route C,340.2,39.5,0.665,clear
2026-07-09 07:19:13.753722,Route C,448.3,24.2,0.876,clear
2026-07-09 08:19:13.753722,Route C,456.3,25.0,0.892,clear
2026-07-09 09:19:13.753722,Route C,900.8,5.0,1.0,clear
2026-07-09 10:19:13.753722,Route C,278.7,35.8,0.545,clear
2026-07-09 11:19:13.753722,Route C,212.7,44.1,0.416,clear
2026-07-09 12:19:13.753722,Route C,259.0,42.0,0.506,clear
2026-07-09 13:19:13.753722,Route C,202.9,44.6,0.397,clear
2026-07-09 14:19:13.753722,Route C,273.4,35.7,0.534,fog
2026-07-09 15:19:13.753722,Route C,335.5,33.2,0.656,rain
2026-07-09 16:19:13.753722,Route C,491.2,21.7,0.96,storm
2026-07-09 17:19:13.753722,Route C,436.6,28.5,0.853,fog
2026-07-09 18:19:13.753722,Route C,542.4,19.0,1.0,clear
2026-07-09 19:19:13.753722,Route C,546.3,17.0,1.0,rain
2026-07-09 20:19:13.753722,Route C,347.4,31.7,0.679,fog
2026-07-09 21:19:13.753722,Route C,291.0,40.9,0.569,clear
2026-07-09 22:19:13.753722,Route C,214.7,43.9,0.42,clear
2026-07-09 23:19:13.753722,Route C,285.1,34.3,0.557,fog
2026-07-10 01:19:13.753722,Route C,246.4,42.3,0.482,fog
2026-07-10 02:19:13.753722,Route C,274.1,34.5,0.536,rain
2026-07-10 03:19:13.753722,Route C,220.4,41.3,0.431,clear
2026-07-10 04:19:13.753722,Route C,273.9,40.4,0.535,clear
2026-07-10 05:19:13.753722,Route C,256.2,39.9,0.501,clear
2026-07-10 06:19:13.753722,Route C,364.3,31.8,0.712,clear
2026-07-10 07:19:13.753722,Route C,410.3,30.1,0.802,clear
2026-07-10 08:19:13.753722,Route C,388.7,23.3,0.76,clear
2026-07-10 09:19:13.753722,Route C,555.3,18.5,1.0,storm
2026-07-10 10:19:13.753722,Route C,321.1,28.8,0.628,clear
2026-07-10 11:19:13.753722,Route C,268.3,38.3,0.524,clear
2026-07-10 12:19:13.753722,Route C,273.7,35.9,0.535,clear
2026-07-10 13:19:13.753722,Route C,284.1,42.4,0.555,rain
2026-07-10 14:19:13.753722,Route C,246.6,35.5,0.482,clear
2026-07-10 15:19:13.753722,Route C,324.7,31.6,0.635,rain
2026-07-10 16:19:13.753722,Route C,343.4,32.6,0.671,clear
2026-07-10 17:19:13.753722,Route C,430.0,32.4,0.841,clear
2026-07-10 18:19:13.753722,Route C,549.6,17.8,1.0,fog
2026-07-10 19:19:13.753722,Route C,415.4,26.9,0.812,clear
2026-07-10 20:19:13.753722,Route C,389.6,24.0,0.762,clear
2026-07-10 21:19:13.753722,Route C,330.2,39.9,0.645,rain
2026-07-10 22:19:13.753722,Route C,342.6,30.1,0.67,storm
2026-07-10 23:19:13.753722,Route C,269.1,39.5,0.526,clear
2026-07-11 00:19:13.753722,Route C,177.3,45.6,0.346,storm
2026-07-11 01:19:13.753722,Route C,133.0,52.6,0.26,clear
2026-07-11 02:19:13.753722,Route C,140.0,50.7,0.274,clear
2026-07-11 03:19:13.753722,Route C,343.4,36.7,0.671,clear
2026-07-11 04:19:13.753722,Route C,149.1,46.6,0.292,clear
2026-07-11 05:19:13.753722,Route C,177.0,44.1,0.346,clear
2026-07-11 06:19:13.753722,Route C,169.3,47.1,0.331,clear
2026-07-11 07:19:13.753722,Route C,260.5,40.3,0.509,clear
2026-07-11 08:19:13.753722,Route C,238.4,37.3,0.466,clear
2026-07-11 09:19:13.753722,Route C,262.9,36.2,0.514,clear
2026-07-11 10:19:13.753722,Route C,235.5,45.0,0.46,rain
2026-07-11 11:19:13.753722,Route C,177.3,46.6,0.347,fog
2026-07-11 12:19:13.753722,Route C,154.6,49.1,0.302,clear
2026-07-11 13:19:13.753722,Route C,169.4,46.7,0.331,fog
2026-07-11 14:19:13.753722,Route C,150.1,49.1,0.293,clear
2026-07-11 15:19:13.753722,Route C,144.6,53.5,0.283,clear
2026-07-11 16:19:13.753722,Route C,269.6,44.3,0.527,rain
2026-07-11 17:19:13.753722,Route C,267.8,37.3,0.523,rain
2026-07-11 18:19:13.753722,Route C,344.6,31.5,0.674,rain
2026-07-11 19:19:13.753722,Route C,290.1,40.6,0.567,clear
2026-07-11 20:19:13.753722,Route C,249.5,44.4,0.488,fog
2026-07-11 21:19:13.753722,Route C,190.8,49.2,0.373,rain
2026-07-11 22:19:13.753722,Route C,168.5,42.4,0.329,clear
2026-07-11 23:19:13.753722,Route C,150.0,51.1,0.293,clear
2026-07-12 00:19:13.753722,Route C,130.5,45.3,0.255,clear
2026-07-12 01:19:13.753722,Route C,140.5,52.2,0.275,clear
2026-07-12 02:19:13.753722,Route C,135.9,46.1,0.266,clear
2026-07-12 03:19:13.753722,Route C,192.5,47.8,0.376,storm
2026-07-12 05:19:13.753722,Route C,171.8,49.9,0.336,clear
2026-07-12 06:19:13.753722,Route C,223.8,40.8,0.438,rain
2026-07-12 07:19:13.753722,Route C,315.6,39.1,0.617,rain
2026-07-12 08:19:13.753722,Route C,301.7,36.8,0.59,clear
2026-07-12 09:19:13.753722,Route C,255.7,35.7,0.5,rain
2026-07-12 10:19:13.753722,Route C,203.4,44.3,0.398,clear
2026-07-12 11:19:13.753722,Route C,169.5,48.1,0.331,clear
2026-07-12 12:19:13.753722,Route C,374.5,29.7,0.732,clear
2026-07-12 13:19:13.753722,Route C,154.5,47.9,0.302,rain
2026-07-12 14:19:13.753722,Route C,149.4,49.7,0.292,clear
2026-07-12 15:19:13.753722,Route C,190.2,43.5,0.372,rain
2026-07-12 16:19:13.753722,Route C,207.5,48.0,0.406,clear
2026-07-12 17:19:13.753722,Route C,234.7,41.2,0.459,clear
2026-07-12 18:19:13.753722,Route C,340.0,36.6,0.665,rain
2026-07-12 19:19:13.753722,Route C,329.8,33.9,0.645,storm
2026-07-12 20:19:13.753722,Route C,234.0,42.1,0.457,clear
2026-07-12 21:19:13.753722,Route C,159.3,52.6,0.311,clear
2026-07-12 22:19:13.753722,Route C,153.5,47.0,0.3,clear
2026-07-12 23:19:13.753722,Route C,357.7,32.6,0.699,rain
2026-07-13 00:19:13.753722,Route C,238.1,41.0,0.465,clear
2026-07-13 01:19:13.753722,Route C,268.5,43.9,0.525,clear
2026-07-13 03:19:13.753722,Route C,270.4,38.3,0.529,rain
2026-07-13 04:19:13.753722,Route C,234.5,39.4,0.458,clear
2026-07-13 05:19:13.753722,Route C,302.5,37.4,0.591,fog
2026-07-13 06:19:13.753722,Route C,351.4,26.3,0.687,clear
2026-07-13 07:19:13.753722,Route C,495.6,27.2,0.969,rain
2026-07-13 08:19:13.753722,Route C,430.9,30.1,0.842,clear
